難易度,曲名,理論値,全国TOP,月岡恋鐘さんのスコア,全国平均,BPI
sl0,黄昏のメロディア [ANOTHER7],2672,2638,0,2370.2,不明
sl0,Aurora [ANOTHER7],3500,3483,0,3064.33,不明
sl0,Krave [Another],3784,3769,0,3223.26,不明
sl0,XVOTO,3058,3002,0,2647.4,不明
sl0,Out Low,3752,3732,0,3242.7,不明
sl0,RAVE YOUR ROCK,3500,3470,0,3147.62,不明
sl0,Happy Blazing Summer!!!,2806,2779,0,2438.93,不明
sl0,LOE4 Another,2778,2761,0,2422.7,不明
sl0,TURNDOWN [PIETHER],2780,2750,0,2399.27,不明
sl0,Dear Glint,3078,3057,0,2692.97,不明
sl0,マツユキソウ [Another],2778,2762,0,2426.99,不明
sl0,Brand-New Sky [ANOTHER],2536,2522,0,2205.86,不明
sl0,Say A Vengeance -Hope-,2800,2761,0,2464.97,不明
sl0,lightsphere -ほしをみるひと-,3200,3200,0,2866.21,不明
sl0,自強號 -到衛星-,3224,3209,3143,2799.82,34.87
sl0,plentifulness [SP ANOTHER],3262,3244,0,2811.45,不明
sl0,Disco Balls -Twilight-,2390,2380,0,2093.61,不明
sl0,MEJIRUSHI,2612,2601,0,2288.51,不明
sl0,Life is PIANO [Another],3130,3102,0,2572.25,不明
sl0,START-RESTART [ANOTHER],3188,3178,3105,2853.08,25.04
sl0,ハロウィン・ナイト [another],3640,3625,0,3156.17,不明
sl0,rainbow,2698,2688,0,2301.58,不明
sl0,アトロポスと最果の探求者,3096,3079,2839,2602.83,8.51
sl0,GOODWORLD [A],3186,3157,3061,2589.86,37.14
sl0,Allie Stars [Insane],2990,2968,0,2603.22,不明
sl0,z/e,2618,2612,0,2290.02,不明
sl0,-終天- [BLACK ANOTHER],3200,3195,0,2798.61,不明
sl0,Deepsea Moonlight,3122,3104,0,2714.57,不明
sl0,Memory of Rootage [ANOTHER],3060,3039,0,2718.75,不明
sl0,翼の折れた天使たちのレクイエム [Another],3082,3068,0,2606.51,不明
sl0,GAMEBOY [ANOTHER other],2694,2681,2573,2379.54,16.41
sl0,Blood Castle -Bloody-,2512,2505,0,2198.36,不明
sl0,the Only one Reverberation feat.波音リツ,4000,3991,0,3533.9,不明
sl0,Pompadour,2304,2298,2212,2060.21,13.49
sl0,jellyfish memories [7KEYS ANOTHER],3026,2996,0,2583.26,不明
sl0,ひらりゆらり水鏡 -another-,3550,3531,0,2839.67,不明
sl0,intersection？！,2854,2838,0,2395.42,不明
sl0,Kurofune [SP another],2372,2346,0,1992.5,不明
sl0,Fortress [ANOTHER],3236,3221,0,2732.1,不明
sl0,Bioinformatics,2776,2751,0,2286.72,不明
sl0,TwoPhace [SP Another],2674,2673,0,2363.6,不明
sl0,Re:Sound Sing Step -Another-,3380,3365,0,3002.82,不明
sl0,じゃぱりぱー,2468,2463,2456,2280.78,66.04
sl0,ice valley "beyond the searoad" [EXTRA],3020,3014,0,2761.73,不明
sl0,Juliet [oath],3084,3071,0,2727.34,不明
sl0,Hyper Fiber World Spectrum [ANOTHER],3538,3519,0,2893.77,不明
sl0,Precious!!! [7key,Another],3176,3154,0,2539.01,不明
sl0,Chit-Chat [7Key Another],2938,2935,0,2582.84,不明
sl0,Sunny [Charmante],7920,4298,0,2373.83,不明
sl0,Garefowl [Another],2600,2597,0,2307.28,不明
sl0,EUROBEATアイドル橘花音のテーマ,3144,3134,0,2488.84,不明
sl0,Babel [ANOTHER],2618,2611,2485,2223.52,14.0
sl0,Journey into the Unicorn Forest [ANOTHER],3490,3430,0,2947.71,不明
sl0,Once in my life [LovePlus+],2434,2431,0,2133.05,不明
sl0,Airetsiw [BlackAnother],2832,2825,0,2434.25,不明
sl0,カウガールとおもちゃの拳銃 [Another],1620,1618,1556,1439.98,11.02
sl0,Sogaikan Utopia [ANOTHER],3092,3077,0,2672.32,不明
sl0,アリスの空虚で愉快な人形劇,3880,3877,0,3124.21,不明
sl0,君の色に染まる [幸せの約束],2664,2631,0,2298.21,不明
sl0,stairway to the universe [A],2666,2664,0,2392.94,不明
sl0,Crystalline White [SP INSANE],2844,2830,0,2323.98,不明
sl0,Thermal Expansion [Another],3032,3025,0,2545.94,不明
sl0,Highlander [NORETHER],2972,2959,0,2590.98,不明
sl0,サクライロフワリ (INUther),3066,3063,3018,2618.41,29.79
sl0,BLAZE YOUR SOUL [SP ANOTHER],2702,2686,0,2083.14,不明
sl0,NEW ANACHRONISM -もう、主人公になれない- (dream side),2624,2610,0,2310.5,不明
sl0,Right Back,2302,2287,0,2031.18,不明
sl0,colorbar [Hi],1934,1932,1870,1711.61,13.59
sl0,Oriens,2544,2531,2489,2094.77,45.65
sl0,Aeventyr [ANOTHER],2936,2909,0,2304.16,不明
sl0,雪花,2724,2711,0,2181.55,不明
sl0,Beatrice [ANOTHER],2770,2732,0,2108.77,不明
sl0,the lost dedicated (another),2758,2758,2723,2299.51,23.16
sl0,sincere smile,2998,2978,0,2494.25,不明
sl1,プナイプナイげんそう [プナイプナイの右往左往ファンタジア],3600,3453,0,2931.43,不明
sl1,Second Synthesis [7key Extra],3480,3450,0,3096.04,不明
sl1,Repeat⇔Again [SP DEFEATED],3128,3080,0,2684.28,不明
sl1,Requiemotion [INSANE],4098,4046,0,3687.43,不明
sl1,Forbidden Area [SP ANOTHER+],3082,3043,0,2656.52,不明
sl1,Nowhere [if],3268,3263,0,2752.4,不明
sl1,John and Robert again lied [Loft],1900,1840,0,1498.16,不明
sl1,Colorful Days♪ [Colour My Sky],2426,2409,0,2118.79,不明
sl1,April's Fantasy -Spring Bloom-,3320,3311,0,2824.68,不明
sl1,ZABANIYA [SP AZOTHER],3636,3607,0,3092.83,不明
sl1,Reimei [Futabather],3532,3507,0,3040.74,不明
sl1,JOKER GAME [ANOTHER+],3798,3776,3721,3289.42,46.6
sl1,holy night celebration [White Christmas],3200,3189,0,2747.84,不明
sl1,七つの鍵盤のためのソナタ -Last Song-,2222,2156,0,1904.35,不明
sl1,Selenotaxis [nostalgia],2866,2855,0,2477.7,不明
sl1,アイム・マイヒーロー [覚醒],3434,3425,0,3002.97,不明
sl1,twinkle white* [snow memory],2876,2867,0,2454.45,不明
sl1,Dirge in Magenta [SP ANOTHER],3258,3240,0,2836.72,不明
sl1,サカサマの空に在ったのは [SP INSANE],3756,3700,0,3148.56,不明
sl1,架空ユリカゴ [in esse],2828,2828,2758,2576.85,9.31
sl1,Selenotaxis [Full Moon],2712,2688,0,2251.22,不明
sl1,SYNTHETICS,2944,2858,0,2418.94,不明
sl1,夢の地図と僕らの旅 [departure],2812,2801,0,2439.81,不明
sl1,deg w∧v chu doc [ANOTHER],3560,3517,0,2809.78,不明
sl1,豪華絢爛少女 [SP Another],3170,3137,0,2607.68,不明
sl1,Play Me Your Love Song [7KEYS ANOTHER],2956,2933,0,2445.03,不明
sl1,永劫綺譚の純潔葬花 -White Lily-,3600,3572,3453,3069.07,28.83
sl1,Brave My Soul -Flareness Heart-,4000,3993,3567,3363.09,2.5
sl1,Alitatrieb [Madness],4222,4179,0,3538.91,不明
sl1,ブラーブルー [蒼ひ空],3322,3293,3061,2862.78,9.25
sl1,overtrue,2500,2471,2330,2108.41,18.15
sl1,マージナル＊フロンティア [魔法世界へようこそ],3000,2944,0,2380.31,不明
sl1,PANIC RACE!,3384,3331,0,2805.05,不明
sl1,スピカ [moon_child],2780,2780,2690,2466.03,8.54
sl1,My Typical [ANOTHER],3552,3528,0,3040.35,不明
sl1,あのね、涙は。 [月と星],2600,2593,2574,2316.89,51.84
sl1,far in the blue sky... [rather],4624,4616,4268,4003.93,4.56
sl1,東風谷早苗が悲しい顔をする理由。,4216,4134,0,3508.32,不明
sl1,Innocent Blossom [SP ANOTHER],3760,3747,0,3169.36,不明
sl1,Dog Ear [ZOI],2694,2679,2508,2368.51,7.75
sl1,Smiling,3290,3263,3102,2778.56,19.85
sl1,JUDGEMENT ARROWS -Luna-,2558,2549,0,2154.48,不明
sl1,Linkager [EX],3292,3287,0,2958.57,不明
sl1,Coastline Fantasy [SP Another],3260,3223,0,2781.95,不明
sl1,Crazy Sweetie Glitter Candy Color [ZOI],4124,4103,3943,3642.89,17.44
sl1,浮世絵横丁,3302,3272,0,2642.18,不明
sl1,プナイプナイたいそう [SP ANOTHER],2478,2470,2400,2082.64,26.84
sl1,last:wish (Another),3042,3015,0,2550.61,不明
sl1,OneviA -ANOTHER-,3308,3259,0,2637.07,不明
sl1,Berry Go!! [Esteem and Love],3554,3502,3439,2919.72,56.41
sl1,Trancing 'Tempo'rary [ANOTHER],3200,3157,0,2637.96,不明
sl1,Out of Sense [Another],3484,3479,0,3039.9,不明
sl1,Asgard [ZOI],3400,3389,0,2844.34,不明
sl1,Jack o' Lantern [sagANOTHER],3156,3107,0,2682.04,不明
sl1,Life Style [INSANE],3234,3126,0,2596.92,不明
sl1,Strawberry Mint Chocolate [ice cream],3346,3308,0,2819.32,不明
sl1,Midnight o'clock -DREAMING-,3240,3204,0,2615.15,不明
sl1,オリヴィアの幻術 [Close-up],4000,3937,0,3366.34,不明
sl1,IKAROS [HARD],3284,3269,3197,2872.59,32.14
sl1,JUGGLE -SPINNER-,3244,3198,0,2633.53,不明
sl1,Elnath [Memory],3554,3504,0,2990.42,不明
sl1,Schwerkraft [Planet],2938,2887,2700,2334.32,23.12
sl1,Little Guardian [ANOTHER],3170,3152,0,2681.52,不明
sl1,The NightScape [Insane],3000,2971,0,2572.13,不明
sl1,MANHATTAN [sweet Vermut],3784,3748,0,3186.73,不明
sl1,Signal Stars [Radiance Ark],3600,3569,0,3104.18,不明
sl1,Afterwhile [Twilight],2922,2904,0,2537.78,不明
sl1,ドキドキ☆ココロ☆フレーバー (Lemon beads Hands-Up bootleg) [Le Jardin Ensoleile],3342,3337,3267,2957.41,23.09
sl1,Shooting Silver Bullet [ANOTHER],3454,3438,0,2813.31,不明
sl1,Chatblanc [clonter],2000,1986,0,1708.81,不明
sl1,Sakura Fubuki [桜、夢。],2242,2231,2092,1899.79,11.75
sl1,CUTSIC,2948,2934,0,2547.2,不明
sl1,WAYLAID (Additional),2468,2432,0,1981.34,不明
sl1,Pain Continues [SP Cloudy],4030,4018,0,3383.59,不明
sl1,Ashen Land [SP ANOTHER],2748,2707,0,2299.51,不明
sl1,Starry Fate [EX],4420,4372,4218,3685.27,32.56
sl1,Road to Dwarf -Little Princess Medley- -EXTRA-,5080,5053,0,4028.39,不明
sl1,Latch (Flip-Flop) [Spinner+],3400,3316,0,2786.43,不明
sl1,はるいろ こみち [春],3050,3041,0,2712.44,不明
sl1,平行世界のテスタメント,2400,2398,2293,2122.18,8.5
sl1,Dance Doll Dream [HARD],3750,3740,0,3360.89,不明
sl1,The World of Cyber [SP INSANE],3300,3288,0,2699.76,不明
sl1,エーデルワイス [SP ANOTHER],3360,3322,0,2603.52,不明
sl1,rePrayer [7key EX],4102,4086,0,3516.62,不明
sl1,Sky is the Limit [Max],3712,3706,0,3234.39,不明
sl1,YAKUSOKU "kanon Tr_10 speed remix" [Max],2518,2505,2368,2209.12,10.89
sl1,Late Summer [Another+],3458,3448,0,2937.27,不明
sl1,Love Blood [INSANE],2150,2128,2026,1698.05,27.99
sl1,FORBIDDEN APPLE [HARD],4354,4338,0,3687.12,不明
sl1,絵空事の世界と私 [Another],3540,3534,3458,3010.53,26.86
sl1,Black Lair [ANOTHER],3610,3581,0,2579.48,不明
sl1,Alicia Story (UETHER),3546,3540,0,2999.51,不明
sl1,Pangaea [IIDX],2712,2675,0,2043.85,不明
sl2,Apocaliptix [Doomsayer],3420,3278,0,2816.9,不明
sl2,Phantastic Holiday [SP PHANTASM],3542,3432,0,2964.89,不明
sl2,8bit Voyager [ANOTHER7],4000,3970,0,3360.8,不明
sl2,on the sequence #3 (NOTVICE),4198,4155,0,3787.39,不明
sl2,チョウの標本 [Bullfighter],3068,3002,0,2494.52,不明
sl2,Feast of Lights [SP Natsumatsuri],3588,3470,0,3001.31,不明
sl2,Lots Of Spices [甘口],3346,3323,0,2759.98,不明
sl2,リリカと魔法の言葉 [ZOI],3664,3622,0,3205.9,不明
sl2,夜間飛行トラベラー [SP AMNESIA],4216,4169,0,3599.66,不明
sl2,Grimheart [Heartbeat],2986,2926,0,2479.02,不明
sl2,On And On!! [PIETHER],3310,3261,0,2908.58,不明
sl2,fragile crystal [Amethyst],3760,3740,0,3256.17,不明
sl2,ほしぞら遊覧飛行 -under the milkyway-,3146,3083,0,2697.52,不明
sl2,GLAZ [OTs-03],3422,3383,0,2915.15,不明
sl2,-雪月花- [ZOI],3678,3671,0,3155.63,不明
sl2,僕が見た世界 [Be My Star!!],3336,3321,0,2982.85,不明
sl2,サカサマの空に在ったのは [ZOI],4366,4317,0,3607.31,不明
sl2,LIGHT OF HARMONY,3400,3385,0,2994.83,不明
sl2,On And On!! [Impulse],3130,3109,0,2672.57,不明
sl2,Hypnos Metropolis,2898,2872,0,2470.75,不明
sl2,N-Flux -ANOTHER-,3660,3612,0,2980.9,不明
sl2,Good Life [ZOI],3730,3680,0,3264.75,不明
sl2,☆ウィンドサンバランド☆ -ANOTHER-,3554,3519,3246,2984.16,10.36
sl2,gazer [Another++],4046,4036,3895,3491.66,18.43
sl2,island dream [maniac],4000,3983,0,3371.45,不明
sl2,One Way Street [Monotone],3680,3614,0,3147.89,不明
sl2,Sea Breeze Memory -Summer Vacation-,4826,4817,4692,4339.02,18.38
sl2,物怪舞踏 [座敷童子],4076,4020,0,3518.3,不明
sl2,FIONA [Sog],3370,3314,3080,2756.59,17.51
sl2,Challenge [Insane],3400,3381,0,2985.14,不明
sl2,シャーロック・シェリンフォードのテーマwithえかたん [Why done it?],2970,2965,0,2690.12,不明
sl2,Love☆Spellcard [ZOI],4008,3966,0,3413.08,不明
sl2,VISTA [windows],3578,3556,0,3027.58,不明
sl2,Bittersweet Magic [Chocolate],3394,3387,3212,3027.27,7.45
sl2,Implexrough [IMPLEX],4000,3991,0,3320.88,不明
sl2,Fanciful False -SP ANOTHER-,3228,3182,0,2659.52,不明
sl2,Scene Scrambling [Another],3988,3971,0,3358.06,不明
sl2,Shining Stage,4254,4230,0,3724.72,不明
sl2,WHIRLWIND [ABNORMAL],3850,3795,3630,3248.25,27.27
sl2,キミとボクへの葬送歌 [sagANOTHER],4114,3992,0,3417.47,不明
sl2,BOUNCE THE TECH†LEGGENDARIA,3834,3812,0,3086.7,不明
sl2,Holy Lightbringer [7KEYS ANOTHER],4246,4216,0,3623.65,不明
sl2,Replunge -Breakthrough-,3298,3280,0,2851.57,不明
sl2,Fly up to : the Sky [Insane],3474,3464,0,2789.24,不明
sl2,Third World [World's End],2816,2798,2535,2397.38,4.51
sl2,Scaffold -Execution-,3968,3900,0,3133.86,不明
sl2,Silver Eater -Sharira-,3468,3428,0,2873.04,不明
sl2,Under the starry sky [ZOI],4766,4752,4431,4016.79,9.09
sl2,Chronomia [ANOTHER7],3782,3743,0,3037.59,不明
sl2,Re/Im [ZOI],4136,4063,0,3432.76,不明
sl2,Epic Bellum -universum- [BlackAnother],4218,4168,0,3541.66,不明
sl2,パステルプラネット [ZOI],3616,3585,3337,3034.33,12.54
sl2,Fakeover [SP ANOTHER],3874,3854,0,3108.73,不明
sl2,HIGHWAY RACING [ANOTHER],3178,3100,0,2575.5,不明
sl2,村 [正],2868,2864,2762,2573.02,11.61
sl2,ウエライド：草 [Another],2562,2558,0,2203.55,不明
sl2,ネコにまつわるエキストラ [ZOI],3984,3946,0,3409.73,不明
sl2,Anzu no Kakkoi Ongaku [SP EXTRA],3310,3272,0,2748.04,不明
sl2,RiZE UP FUTURE [Dif],3270,3216,0,2744.71,不明
sl2,Existence [Another+],4112,4100,3821,3471.63,8.83
sl2,After Burner,4224,4204,0,3129.71,不明
sl2,Cryonix [Another],3000,2991,0,2300.36,不明
sl2,Agito [ENT+],4030,4002,0,3443.85,不明
sl2,Lucid Dreaming [U],3566,3522,0,2953.72,不明
sl2,Loli Plaza (pms edit) [MANIAQ],2480,2470,0,2003.98,不明
sl2,Fiore Tempesta [HARD],3430,3389,0,2855.19,不明
sl2,Kreuz [時間と機械の物語],3000,2985,2750,2431.28,10.75
sl2,ELECTRiCiTY [7_another],3018,3000,0,2414.72,不明
sl2,7 colors* -Prismatic Colors-,3554,3548,3459,3200.94,18.29
sl2,Meaning of Existence [niche],4294,4285,0,3696.69,不明
sl2,Blooming [7key Spring],3456,3429,3316,2996.15,27.17
sl2,白黒高速大回転 [皿高速大回転],3448,3403,0,2902.93,不明
sl2,Toki (Sound piercer's Timesucker Remix) [SP ANOTHER],3644,3623,3480,2982.39,25.7
sl2,orangegirl sentiment [Maniac],3162,3148,0,2593.99,不明
sl2,Ring Ring Ring ☆ Let's H! [M@STER],4040,4018,0,3451.36,不明
sl2,Natullary [Hi],3090,3082,0,2770.71,不明
sl2,空跳ぶ少女 [JUMPER(Lanother)],3692,3633,0,3049.53,不明
sl2,★So SweeT LittlE HearT★ [HARD],4932,4873,0,4077.37,不明
sl2,紅月夜想　〜Scarlet Nocturne〜 [HARD],2984,2977,0,2648.84,不明
sl2,Central DELAY [BEGINNER],3580,3472,3281,2951.95,27.37
sl2,Metropolis [7key,Another+],3672,3651,0,3119.91,不明
sl2,zodiac (ANOTHER7),3000,2986,2851,2472.78,20.55
sl3,Shamshir -rough Pt.2- [7key,Another],3862,3850,0,3156.81,不明
sl3,Wicked Laboratory,3662,3596,0,2984.78,不明
sl3,MAGENTA POTION [INSANE],4166,4108,0,3555.18,不明
sl3,QTロジック [アンドロイドなのですし],3364,3362,0,3078.92,不明
sl3,Lilith ambivalence lovers [ANOTHER+],4584,4526,0,3969.53,不明
sl3,Breeze [BITTER7],3566,3495,0,3061.78,不明
sl3,clockworkforest [ANOTHER],4282,4191,0,3657.97,不明
sl3,HARDCORE UNDERSTAND [ANOTHER],3786,3725,0,3188.68,不明
sl3,宵桜回廊 [ANOTHER],3636,3545,0,3021.85,不明
sl3,マツユキソウ [ZOI],3828,3788,0,3379.2,不明
sl3,Phynalvent [offensive],4032,4021,0,3427.3,不明
sl3,Crazy Moon Night -Another-,4780,4700,0,4016.14,不明
sl3,運命論 ~notte stellata~,3720,3537,3282,2997.04,22.03
sl3,甘でラッシュ！ [W],4078,3991,0,3421.87,不明
sl3,プナイプナイせんそう [HARD],3520,3452,3166,2865.53,14.14
sl3,４２２ [Mild],3552,3496,3321,3001.76,23.41
sl3,R.I.P. [W],3684,3666,0,3166.07,不明
sl3,Electric Emotion [YoitherEASY],3720,3670,3519,3114.41,29.4
sl3,Disorder -ANOTHER-,3858,3787,0,3108.52,不明
sl3,うきせいこう [ZOI],3632,3564,0,3164.05,不明
sl3,SYNTHETICS,3578,3447,0,2883.72,不明
sl3,天海原〜あまみはら〜 [水平線],2666,2610,0,2116.1,不明
sl3,Iolite Quintz,3526,3467,0,2872.26,不明
sl3,Unleashed World [ANOTHER-],3200,3127,2947,2595.72,26.44
sl3,Absolute Future [ANOTHER],4142,4099,3667,3340.05,7.57
sl3,スピカ [Elgafar],3900,3861,0,3291.44,不明
sl3,エピトゥリカの祀 [c-663],4186,4146,0,3535.48,不明
sl3,スピカ -In your heart-,3108,3081,0,2623.31,不明
sl3,Aquahighway [INSANE],4138,4106,0,3498.51,不明
sl3,Chinese Tea -Re:O2ther-,3266,3178,0,2603.6,不明
sl3,Anti Function -SP HYPER-,4162,3952,0,3237.93,不明
sl3,Precious!!! [ANOTHER+],4260,4171,0,3418.81,不明
sl3,Call Me Murasa [Lunatic],4392,4367,0,3768.04,不明
sl3,Twilight Observer [Another+],4036,4023,0,3451.7,不明
sl3,Re:End of a Dream [Anfang],4142,4103,3856,3464.24,16.61
sl3,fly*high*five [ZOI],3690,3676,0,3246.78,不明
sl3,ENERGY SYNERGY MATRIX,4160,4146,3880,3115.35,16.87
sl3,GLITCH SWITCH [SP INSANE],3248,3190,2858,2502.59,12.78
sl3,Ice Festival,4230,4181,0,3344.78,不明
sl3,シグナルほっぴんぐ [⌒c(∪・x・)],3660,3646,3443,2950.48,16.58
sl3,To the restored sunflower garden [White Another],4000,3940,0,3212.57,不明
sl3,鍵 [ZOI],4464,4428,0,3805.11,不明
sl3,H∀TE [ANOTHER 2000Notes],4000,3904,0,3260.58,不明
sl3,violet [SP K4K1NSANE],3522,3513,0,3017.14,不明
sl3,Unshakable [Spiral Horn],2994,2989,2914,2606.24,21.85
sl3,ラケシスと永遠の祈祷者 [Coeli],3238,3233,3132,2893.18,14.71
sl3,Demagogie [Hetzerei],3552,3534,0,3003.01,不明
sl3,わがまま×マニフェスト [EX],3056,2915,0,2530.86,不明
sl3,少女監獄ヴァンパイアフィリア -ANOTHER-,4886,4854,0,4124.9,不明
sl3,Colour My Sky [Cartelet],5126,5097,0,4240.14,不明
sl3,The Third Castle [ANOTHER],3548,3486,0,2804.58,不明
sl3,虫 [Insecta],3346,3315,0,2867.05,不明
sl3,空 [ZOI],4450,4442,0,3970.34,不明
sl3,Take Me Away [SAETHER],3858,3835,0,3275.73,不明
sl3,LOSTAIR -SA-,3712,3688,0,3107.55,不明
sl3,strawberry happiness [UnHappiness],3276,3256,0,2790.1,不明
sl3,Castor(BMS edit) [QuintetStar],4000,3959,0,3342.62,不明
sl3,Dreadnought [Bravery],3880,3789,0,2918.92,不明
sl3,The ArcticLight,4000,3941,0,3062.28,不明
sl3,クーのテーマ [Sonic Wings],3544,3509,3191,2827.22,11.36
sl3,Blood Castle -Ether-,3102,3088,0,2596.32,不明
sl3,PASERI [7keys EX],3484,3459,0,2697.87,不明
sl3,Renaissance [Revolution],2926,2897,0,2445.47,不明
sl3,ametsuchi [SP EXTRA],4394,4393,0,3882.99,不明
sl3,deep blue sunrise (pw-Another+),4774,4733,0,3753.56,不明
sl3,Merry Christmas Mr.AK-RED,4722,4652,0,3969.5,不明
sl3,Forceful Beat [B],3232,3122,2769,2237.55,20.46
sl4,electric butterfly -twilight-,4880,4681,0,3978.88,不明
sl4,G e n g a o z o -Screen music- -EX-,5124,4871,0,4083.01,不明
sl4,Barely Barely,3974,3748,0,3135.07,不明
sl4,Transfixation [Re:ANOTHER],4286,4146,0,3461.88,不明
sl4,Destr0yer -Hope-,4040,3879,0,3300.94,不明
sl4,Kanon's Fantasia -Flower Forest- [ver.翠],3044,3011,0,2652.8,不明
sl4,Pusha Plucka!! -SWAGGER-,3746,3706,0,3122.9,不明
sl4,Astar [ANOTHER+],3234,3186,0,2836.45,不明
sl4,Holy Wind [ULTIMATE],4258,4190,0,3410.37,不明
sl4,White Phoenix -白き翼-,4896,4852,0,4167.18,不明
sl4,Disco Balls -Luna-,3320,3279,0,2827.66,不明
sl4,＊CinnamoN＊,4122,4013,0,3220.05,不明
sl4,deg w∧v chu doc [W],4536,4473,0,3750.41,不明
sl4,Mr. BLACKRUM [SP RUNOTHER -Cuba Libre-],3700,3672,0,3061.56,不明
sl4,☆ twinkleskytower ☆ [MANIAC],4340,4305,0,3476.96,不明
sl4,Life is PIANO [Rea'ju],4208,4155,3830,3433.12,13.84
sl4,Now in the Castle Age [Tower Rush],4594,4570,0,3820.39,不明
sl4,温泉大作戦 [ZOI],4066,4010,0,3418.17,不明
sl4,Blazing Blizzard -Frostbite-,3624,3557,0,3009.01,不明
sl4,Amethyst Moon -Pure White Crystal-,4988,4939,0,4107.62,不明
sl4,ひつぎとふたご [7KEY/A2],4004,3826,3294,3090.44,6.05
sl4,ハニエルのうた [ZOI],3536,3460,3138,2930.48,9.09
sl4,VENUS INVADER [for A.],4542,4317,0,3633.89,不明
sl4,Ruined field -ZERO-,4570,4496,0,3863.08,不明
sl4,PLUS+INFINITY [ZOI],3714,3671,0,3074.15,不明
sl4,黒い絵 (MAS-B),3866,3781,0,3231.15,不明
sl4,Is This Your Memory? [ZOI],4198,4189,0,3711.83,不明
sl4,Berry Go!! [sweet],3852,3838,3719,3225.23,26.04
sl4,Implexrough [ZOI],4266,4245,0,3619.22,不明
sl4,Plumage,4304,4237,0,3504.68,不明
sl4,Drop Down [SP Insane],4160,4133,0,3355.88,不明
sl4,Arioso Killer [Bloody],7562,3795,0,2813.64,不明
sl4,Ultimate Weapon [ZOI],4236,4195,3978,3607.83,18.62
sl4,carnation [ZOI],4036,4017,0,3485.03,不明
sl4,バンバード 〜Piano Version〜 [sunny],5274,5128,0,4324.48,不明
sl4,Dystopia High [ZOI],4204,4184,0,3632.46,不明
sl4,Spiritoso Killer [SP INSANE],3820,3722,0,3165.99,不明
sl4,人里に下ったアタイがいつの間にか社畜になっていた件 [HARD],4396,4328,3937,3647.37,9.21
sl4,oo i s oo - Perfection - [IDENTITY],4462,4213,0,3630.86,不明
sl4,Noblesse Gloria [Churchill Mk-VII],4310,4280,0,3813.68,不明
sl4,RAY -diffuse-,3232,3161,0,2668.43,不明
sl4,Cosmo Memory [sLunatic],3890,3872,0,3338.17,不明
sl4,Grape Garden [Hi-Jump],2910,2910,0,2597.12,不明
sl4,ゆらめきつまさき -honey coming girl-,4200,4144,0,3411.58,不明
sl4,Maxi [Ephedrine],3806,3736,0,3144.37,不明
sl4,End Point [ZOI],3952,3921,0,3274.64,不明
sl4,ATHAZA [ANOTHER],5000,4878,4319,3542.09,17.0
sl4,magia [Insane],3626,3612,0,3003.29,不明
sl4,Hecatoncheir,4600,4579,0,3902.45,不明
sl4,ファンファーレ [INSANE],3944,3878,0,3217.88,不明
sl4,u gotta party [Viva La Vida!],4096,4025,0,3420.79,不明
sl4,EVERLASTING HAPPiNESS↑ [ZOI],4460,4353,0,3614.47,不明
sl4,雪月風花 〜Silver Moon [SP Another],4300,4278,0,3663.07,不明
sl4,suffruti [ZOI],4660,4618,4234,3905.0,8.82
sl4,Reason of being [ZOI],3326,3243,2952,2725.39,11.71
sl4,Wavetapper [Normality.],4364,4330,0,3689.46,不明
sl4,Altale [the story],3678,3537,0,2994.49,不明
sl4,Turndup [Refrain],4354,4279,0,3600.32,不明
sl4,MANHATTAN [SP BLACK ANOTHER],4430,4356,0,3555.47,不明
sl4,ハードルネッサンバ [sagANOTHER],4000,3891,0,3352.37,不明
sl4,Busy Factory [Append],4108,3974,0,3223.64,不明
sl4,Floating Garden [Hortulani],3556,3513,0,2951.19,不明
sl4,sweet pop [7key EX],4200,4155,0,3580.51,不明
sl4,Romantic Children [SP ANOTHER2],4444,4421,0,3670.62,不明
sl4,図書室のエルザ [HARDEST],3942,3925,3626,3382.69,6.61
sl4,tinnitus -7 another-,5992,5941,0,4799.81,不明
sl4,ホーリーサンバランド [White Another],4848,4793,4392,3609.86,18.17
sl4,BAD NEWS  [Another],3610,3586,0,2817.61,不明
sl4,Soul of Deep-sea Fish [queER7],3832,3734,0,3219.39,不明
sl4,EOS [女神],4672,4660,4509,3955.75,21.78
sl4,FULL COMBO Pt.2 [FULL COMBO],3548,3508,0,2782.18,不明
sl4,夜明けの少女たち [Delay],3000,2978,2822,2535.43,17.64
sl4,愛と煩悩と輪廻と常識の極彩世界 [SP ANOTHER],4226,4137,3620,3082.8,12.4
sl4,幸なる旋律 -the solitary melody- [F],4150,4079,3417,3338.9,0.85
sl4,Apollo [Monsther],3982,3932,0,3329.56,不明
sl4,Infinite Galaxy [SP AMETHER],4328,4291,0,3680.31,不明
sl4,HAELEQUIN [EX],4518,4456,3759,3680.1,0.74
sl4,Astraia [Another],4904,4837,4608,3955.04,29.14
sl4,TEN [Ryether],5086,4993,0,4137.65,不明
sl4,squartatrice [HARD],4394,4356,4128,3597.08,21.65
sl4,Flesvelka [yumether],4150,4054,0,2287.25,不明
sl4,聖戦ものがたり [yumether],3742,3712,0,2861.77,不明
sl4,◆ B a r o q u e ◆ −Reincarnation−,3152,3053,0,2597.71,不明
sl5,breathe [SP INSANE],4192,4110,0,3480.33,不明
sl5,Cutee☆NeverLand [EXTRA],4466,4394,4158,3734.36,22.79
sl5,五月雨に誓う [SP EX+],3614,3596,0,3294.79,不明
sl5,8bit Adventurer,3700,3587,0,3034.29,不明
sl5,District IX [Insane],3200,3062,0,2582.74,不明
sl5,al fine [INSANE],4800,4744,0,3879.2,不明
sl5,Term of Atrophy [ANOTHER],4074,4025,0,3488.71,不明
sl5,貴女と秘密の… [Lilie],4572,4516,0,3897.74,不明
sl5,虹夜パレッド -SP ANOTHER-,5088,5000,0,4213.08,不明
sl5,Replica [ZOI],4726,4673,0,3923.71,不明
sl5,薄雲 [7KEYS TRISTANOTHER],4348,4324,0,3698.19,不明
sl5,明空リュウセイグン [Daybreak],3290,3280,0,2921.03,不明
sl5,茜の旅人 [twilight],4384,4361,0,3624.88,不明
sl5,QSHELL −拒色のシェルル− [ZOI],3826,3781,0,3252.51,不明
sl5,Unleashed World [ZOI],3970,3905,3241,3276.3,-0.3
sl5,We are the xxxx [Shelther],4238,4198,3877,3550.06,10.79
sl5,LivedaM (imagination),3156,3024,0,2450.51,不明
sl5,Signager -HONGKONG EXPRESS-,3960,3940,0,3468.41,不明
sl5,Behind you [Lunatic],4168,4119,0,3425.96,不明
sl5,L9,3110,3061,2748,2549.12,7.61
sl5,Operation_ALTAIR [CodeName-V.E.G.A.],3944,3891,0,3244.11,不明
sl5,もぺもぺ [ZOI-SC],3042,3000,2810,2592.88,14.72
sl5,写儀の少女Lix [ZOI],4082,4023,0,3438.31,不明
sl5,XIII Charlotte -BLACK ANOTHER-,4200,4063,0,3233.79,不明
sl5,Tragedia [HARD],4968,4908,0,4293.52,不明
sl5,WHIRLWIND [EXTRA],4666,4576,0,3618.22,不明
sl5,Altros -VIRTUAL REALITY-,2982,2939,0,2541.19,不明
sl5,BOUNCE THE TECH [M4KE S0M3 N01SE],4000,3847,0,2999.24,不明
sl5,Chronomia,3760,3735,0,3242.32,不明
sl5,CLOUDY PARK [Crepuscular Ray],4582,4558,0,3854.07,不明
sl5,炎花 - flameflower - [ClimaX],3144,3092,2875,2661.47,13.43
sl5,地獄の業火で焼肉大会！？ [ZOI],4768,4659,4542,3850.2,53.35
sl5,空想都市トーキョー -Dreaming-,3050,2976,0,2482.53,不明
sl5,Alice in Misanthrope -厭世アリス- [rejection],5070,5008,0,4195.41,不明
sl5,arosonik'A [ZOI],5072,4943,0,4198.92,不明
sl5,AIWS [ZOI],3830,3772,3619,3242.53,29.41
sl5,GOODBOUNCE [建大入口駅1番出口から徒歩10分],4586,4529,0,3726.09,不明
sl5,Between Sanity and Insanity -Luna-,4630,4611,0,3831.67,不明
sl5,Wizdomiot [ABNORMAL],4204,4131,3851,3444.41,18.71
sl5,天 -Apocalypse-,4266,4233,0,3724.68,不明
sl5,太陽と月の宴,3906,3841,0,3303.07,不明
sl5,Flicker [F],4000,3897,0,3074.14,不明
sl5,白き星姫-Принцесса белая звезда- [декабристов],4350,4291,0,3576.4,不明
sl5,DataErr0r [SP INSANE],3378,3339,0,2577.32,不明
sl5,New Windy Paradise [Refreshing],4078,4026,0,3314.16,不明
sl5,Dance Doll Dream [Antoinette],4316,4267,0,3651.24,不明
sl5,ふゆいろ ドリーマー [冬],4242,4175,0,3510.76,不明
sl5,せるびずむ！ [NIGHTMARE],4028,3993,0,3338.31,不明
sl5,BLOODY ROSE [F],4400,4361,0,3791.67,不明
sl5,My Hardcore [Difficult],4078,3918,0,3083.65,不明
sl5,To you [Affection],3532,3504,0,2873.24,不明
sl5,Iolitia [7key/SABOTHER],5034,4992,4165,4024.3,1.03
sl5,でじたるふぁじー！ -Radio Edit- [EX],3368,3295,0,2823.31,不明
sl5,Lapis -The Heavens Remix- [Max],3558,3525,0,3067.42,不明
sl5,Adularescence [ANOTHER],3018,2951,0,2058.66,不明
sl5,yksinaisyys [F],4690,4545,0,3816.02,不明
sl5,星屑アポトーシス [Monsther],3100,3043,2754,2536.11,9.84
sl5,Fading Star -Canopus-,3836,3788,0,3070.39,不明
sl5,banana man [HARD],4442,4177,3531,3349.83,4.58
sl5,Trick or Treat? [Extra],4344,4277,0,3443.96,不明
sl6,Awaking Beat-From the next generation- [W],4570,4355,0,3708.13,不明
sl6,カタリスト [Excitation],4906,4790,0,4228.52,不明
sl6,テウメッサ [水中ステージ],5434,5235,0,4435.78,不明
sl6,カラフル・サウンズ・カッター [Colorful],5070,5024,0,4342.93,不明
sl6,水の螺旋 [TOWER],2898,2891,0,2579.69,不明
sl6,白菊 [Snother],3682,3663,0,3078.5,不明
sl6,四十五年ノ雪桜 [Blossoms],4170,4116,3945,3479.8,29.18
sl6,クォークの海を泳いで [Photonica],4096,3984,0,3376.88,不明
sl6,Qualia [Quantia],4800,4751,0,3998.77,不明
sl6,Alastor [End],5658,5583,5360,4639.22,32.34
sl6,Sacrificio [INSANE],4164,4080,0,3392.03,不明
sl6,rainbow [HARDEST],3814,3656,0,3074.28,不明
sl6,dimension wanderer [ZOI],3768,3716,0,3232.19,不明
sl6,サカサマの空に在ったのは [Dreaming],4924,4769,0,4012.76,不明
sl6,虹夜パレッド -Rainbow-,5252,5147,4805,4370.34,18.04
sl6,Snowy Light(BMS Edit) [I'm Already Tracer],5056,5006,0,4335.87,不明
sl6,INSANER [ANOTHER],4410,4361,0,3374.4,不明
sl6,Absolute Future [ANOTHER+],4830,4768,4315,3820.18,11.85
sl6,エピトゥリカの祀 [cprac-easy],5008,4926,0,4154.3,不明
sl6,ouroVoros [SP AMETHER-A],4398,4324,0,3461.0,不明
sl6,Total Eclipse of the Sun -Howling-,5660,5628,0,4741.54,不明
sl6,After The Rain [MANIAC],3896,3858,0,3304.09,不明
sl6,Signager [ZOI],4572,4486,0,3871.34,不明
sl6,奏龍ピアソラ [D.Append],4024,4006,3727,3424.27,8.97
sl6,reverieland [7KEYS EXTRA],4168,4123,3652,3433.38,4.5
sl6,My Typical [INSANE],4872,4803,0,3989.75,不明
sl6,星の器〜STAR OF ANDROMEDA -Re:NORMAL-EX-,5200,5146,4683,4347.08,7.73
sl6,浮世絵横丁 -凱風快晴-,4034,3919,0,3355.11,不明
sl6,Catalyst [GOODNESS Again.],4800,4764,0,4175.65,不明
sl6,Snow Crystal [INSANE],3946,3845,0,2997.68,不明
sl6,Bad Cycle [ZOI],4968,4910,0,4223.15,不明
sl6,Luna Express 2032 [Farewell],4064,3994,3575,3350.45,6.57
sl6,Finixe [REMAIN],4444,4353,3689,3337.5,5.99
sl6,disperagioia [ANOTHER],4690,4588,4497,3660.76,61.62
sl6,Dizzolve [Insane],5006,4946,0,3696.53,不明
sl6,ロスト：ユートピアと真理と純粋の極彩世界 [SP ANOTHER],4838,4724,0,3761.29,不明
sl6,+84 [摩天楼],3604,3520,0,2924.34,不明
sl6,BlythE:ExtenD -SemicoloN-,5316,5271,4966,4387.87,18.29
sl6,Last Feud ~the period~  [EXTRA],4000,3921,0,3096.81,不明
sl6,fuga (普通 Version),3444,3394,3167,2714.04,21.73
sl6,N - flat waves - [Lucid],3732,3607,0,2962.17,不明
sl6,BiBiRi [Electric Mouse],4046,3944,0,3217.21,不明
sl6,にじいろクレヨン -Eb-,5486,5461,0,4862.18,不明
sl6,Lollipop☆driveR [HARDEST],4934,4796,0,3861.89,不明
sl6,Exploring the blue sky [Li],4600,4557,0,3805.66,不明
sl6,Memoria-Recollection- -追想の夜明け-,5184,5113,0,4276.91,不明
sl6,Love-Colored Look of the Sky [SSUT],4218,4140,0,3460.54,不明
sl6,オトゲラヴ！ [男の娘ラヴ！],4714,4611,4136,3687.06,12.5
sl6,Yellow Smile (bms edit) (ヽ*'∀')人 (*'∀'ノ),3888,3827,0,3243.35,不明
sl6,多重極展開 [MANIAQ],4560,4493,4176,3626.43,19.58
sl6,現実をカットアップしてみた [Append+],4766,4667,4193,3512.42,17.13
sl6,蓄積×フラストレーション  [交錯×アサーション],4146,4053,3637,3353.17,9.4
sl6,88D [大きい],4450,4377,0,3341.67,不明
sl6,Lace Queen [7key,Sabother],3968,3949,0,3386.94,不明
sl6,Bicolor Spirit [EXHARD],3966,3826,0,3178.79,不明
sl6,月時計　Last・Dial (morither+),4508,4421,0,3516.99,不明
sl6,Seed [Another+],3886,3844,0,3117.38,不明
sl6,Elina (feat. Reislaufer) [HARDEST],4734,4553,3938,3788.9,3.35
sl6,平衡世界 Parallel World [HARDEST],4544,4482,0,3454.46,不明
sl6,rabbit burrow -EX-,5640,5590,0,4697.84,不明
sl6,夜空の★FANTASY [STAR DUST],4214,4164,0,3308.44,不明
sl6,ピアノ連弾的「You」〜ひぐらしのなく頃に〜 [ LEVEL 4 ],2988,2913,2406,2336.93,1.18
sl7,Another Day [Another Delay],3272,2910,0,2379.78,不明
sl7,Polymorphism [Obscure],4828,4696,0,4030.92,不明
sl7,Giselle [Etude],4480,4164,0,3419.18,不明
sl7,NANI-KORE -はぁ?-,4620,4438,0,3578.38,不明
sl7,Lebensumlauf [INSANE],4836,4744,0,3862.08,不明
sl7,Anarchist [Autonomism],3566,3461,0,2813.91,不明
sl7,プナイプナイせんそう [LITTLE DAEMON],4142,4008,3840,3327.81,40.75
sl7,Calamity Fortune [MASTER],4690,4617,0,3771.18,不明
sl7,dimension_wanderer [dreamer],3940,3725,0,3180.14,不明
sl7,Synthesizer M.H. [消失],3768,3707,0,3060.23,不明
sl7,アレア→イデア [Snother],5596,5558,0,4557.62,不明
sl7,Orfevre -Expert-,4600,4486,0,3685.33,不明
sl7,VECTOR,4200,4132,0,3583.27,不明
sl7,recollect [失われた思い出],4050,4018,0,3475.44,不明
sl7,Remembrance [INSANE],4400,4331,0,3581.29,不明
sl7,SAVE The World -starlight,more Colors- [Did you catch that?],5000,4942,4497,3984.6,12.16
sl7,さよならコスモノート [Another+],5466,5319,0,4509.75,不明
sl7,Fanciful False [Pain],4420,4313,0,3570.49,不明
sl7,energy night [JOY],5050,4959,0,4066.55,不明
sl7,Number Y [INSANE],5140,5069,0,4179.36,不明
sl7,ココナツ・アバンチュール [SP BLACKANOTHER],6106,5867,0,4713.47,不明
sl7,レトロモダンの玩具工場 [INSANE],5292,5165,0,3992.52,不明
sl7,Dilapidated city [グミ],4000,3989,0,3444.51,不明
sl7,Blooming!! [Insane],3996,3895,0,3092.29,不明
sl7,Materialize Anything [Almighty],4268,4235,0,3695.59,不明
sl7,Scaffold -Luna-,4840,4689,0,3863.63,不明
sl7,Ninja Castle [Slayer],3980,3933,0,3219.71,不明
sl7,シオカラ節 (Club &amp; FM Remix) [S+30],3622,3584,3355,2793.62,22.27
sl7,Amusing Reflection Rag. [F],6000,5903,0,4792.72,不明
sl7,すばらきしこのせかい,3434,3225,0,2568.11,不明
sl7,overtrue -Luna-,5000,4872,0,3969.34,不明
sl7,Memory Of Sunrise [Pfeil],4216,4156,0,3533.32,不明
sl7,Babel [HARDEST],2962,2884,2701,2461.1,20.75
sl7,conflict [ZOI-EX],5454,5350,0,4437.07,不明
sl7,村 [村 of a Bitch],4268,4254,0,3797.76,不明
sl7,Funny Funky Freaky [HARD+],4400,4337,0,3659.22,不明
sl7,Taken The First Step -SILVER Edit- [yumether],4590,4534,0,3937.43,不明
sl7,Citrus Sunset *･゜ﾟ･*:.｡..｡.:*･'(*ﾟ▽ﾟ*)'･*:.｡. .｡.:*･゜ﾟ･*,4848,4773,0,4035.71,不明
sl7,Megalovania HardRockArrange [Do you wanna have a bad time?],4354,4335,4176,3621.68,24.11
sl7,GO BACK 2 YOUR RAVE [EX],4600,4528,0,3815.49,不明
sl7,エーデルワイス [Linther],5016,4893,0,4038.84,不明
sl7,Astronomical Twilight [Sunrise],4338,4162,0,3477.12,不明
sl7,和鸞 [紅翼鳥],4592,4418,0,3525.29,不明
sl7,君の記憶、風の唄 -LiALIZE-,4960,4873,0,4016.34,不明
sl7,年中夢中な好奇心 [ManiaK],4666,4455,4019,3780.42,10.24
sl7,GOODTEK [鷺梁津駅1番出口から徒歩10分],4244,4164,3912,3389.84,25.21
sl7,スーパーイザナギオブジェクト [yumether],4760,4676,4449,3914.55,28.5
sl7,Doppelganger [Eb],4538,4355,3926,3642.83,11.72
sl7,恋の2-4-11(BMS Edit) -改二-,5600,5511,5074,3966.77,24.3
sl7,the lost dedicated [nostalgia],3814,3809,3433,3218.73,2.85
sl7,satellite -EARTH-,4560,4411,0,3684.88,不明
sl7,Sky is the Limit [BlackMax],5268,5251,0,4566.93,不明
sl7,cotton39% (EX),4160,4087,0,3537.28,不明
sl7,Akasagarbha  [Sabother],4072,4027,0,3371.33,不明
sl7,Singing of Night birds [SKY],4848,4691,0,3987.49,不明
sl7,In The Wind -うままう-,3790,3763,0,3130.77,不明
sl7,煌舞姫ベアトリクス [HARDEST],4546,4525,4383,3857.15,26.53
sl7,exists Uniquely [INSANE],5180,5118,0,4117.72,不明
sl7,7SP:雪の少女-MorningDash!Mix- [MANIAQ],4744,4685,0,3778.43,不明
sl7,Hybrid Galaxy [VACA],4934,4854,0,4026.67,不明
sl7,Mario Paint (Time Regression Mix for BMS) [Hi],5590,5536,0,4720.94,不明
sl7,Exodus [HARDEST],4652,4590,0,3844.59,不明
sl7,Quad Queens [Monsther+],3974,3849,0,3339.87,不明
sl7,Chariot -Miyabi style- [EX],3830,3815,0,3028.75,不明
sl8,Metatron [MANIAC],4628,4516,0,3881.04,不明
sl8,アトロポスと最果の探求者 [dilaceration],4378,4359,0,3883.36,不明
sl8,僕が見た世界 [Believe My Shine!!],4444,4399,0,3851.77,不明
sl8,図書室のエルザ [Fairytale],4444,4402,4216,3770.18,24.4
sl8,Death Opera -Luna-,5000,4877,0,4113.95,不明
sl8,JK★REVOLUTION!!!!!! -Hope-,4200,4099,0,3344.63,不明
sl8,faRE:well [See you later],5416,5351,0,4579.71,不明
sl8,MARENOL [HARDEST],4568,4334,3925,3672.07,12.28
sl8,Upshift [Futabather],5322,5179,0,4257.9,不明
sl8,ReviXy [SP AMETHER-A],5322,5151,0,4232.03,不明
sl8,Happiness Magical Kanon [HAPPY],5050,5001,4793,4176.42,27.68
sl8,Flashdance [#],3610,3568,0,2976.72,不明
sl8,Trane [SP ELIXIR],4066,3957,0,3223.14,不明
sl8,Nhelv [Ruina],5028,4925,0,4025.08,不明
sl8,DESPERATE -Last Battle-,5450,5323,0,4335.42,不明
sl8,FELYS -Luna-,3880,3825,0,3200.82,不明
sl8,Alitatrieb [Insanity],5420,5285,0,4490.65,不明
sl8,自強號 [333],4814,4727,4188,3864.61,7.27
sl8,パブロペトリの泡影,4444,4365,0,3627.58,不明
sl8,RE:START [純],5464,5369,4768,4464.99,6.02
sl8,[line-epsilon] -DriFter-,5058,4767,0,3954.4,不明
sl8,Stellar Blue [Aesthetics],4234,4180,0,3364.31,不明
sl8,marchendreams.（BMS edit） [7key Grimoire],4036,3925,0,3308.55,不明
sl8,ネコイチ(Lemon beads Remix) [Pollux],4300,4281,3917,3629.99,6.22
sl8,Prog-M -PragMaTiC-,4860,4801,0,4038.68,不明
sl8,八大地獄邪魂転生狂葬散火歌 [乃憂魔流],4444,4200,3597,3094.54,14.21
sl8,Shade of Stars [★],4000,3918,0,3180.89,不明
sl8,Strawberry Mint Chocolate [Mu],4582,4485,0,3637.85,不明
sl8,magia [HARDEST],5260,5233,0,4117.49,不明
sl8,ラケシスと永遠の祈祷者 [Sanctuary],4600,4477,4113,3765.82,14.91
sl8,GOODBOUNCE [Hurry up!],5696,5656,4996,4613.39,4.81
sl8,Re:End of a Dream [Re:LAPITHER],4934,4809,0,4162.83,不明
sl8,空想都市トーキョー -TOKYO 2020-,4040,3822,0,3060.51,不明
sl8,聖戦の輪舞 -Luna-,4928,4809,0,3890.51,不明
sl8,Holiday Ocean Resort [SP HOLIDAY],5242,5048,0,4194.7,不明
sl8,Misdirection [Black children],4000,3905,0,3207.0,不明
sl8,Reason of being [EXTRA],3600,3511,3279,2824.93,25.99
sl8,壽 [SPICY],5134,5007,0,4281.29,不明
sl8,クロートーと星の観測者 [MANIAC],4346,4343,3971,3676.54,3.51
sl8,sweet pop [Sugar Rush!!],4914,4832,0,3942.75,不明
sl8,Trahison [F],4690,4616,4200,3651.97,15.15
sl8,Hazy moon (SABOTHER),5032,4954,0,4209.55,不明
sl8,円環の理 [HARDEST],4610,4530,4320,3836.05,28.45
sl8,Artemis　 -SABOTHER-,5284,5188,0,4401.39,不明
sl8,Artificial Rose [Replica],5420,5381,0,4655.92,不明
sl8,星屑アポトーシス [Monsther+],3780,3658,3132,2971.96,3.99
sl8,Tethys -Odysseus-,5008,4949,0,4082.62,不明
sl8,Tribute [Black Another],4818,4682,0,3367.56,不明
sl8,Close the Lights (EX),4860,4804,0,3790.52,不明
sl8,闘気に満ちた草原,4264,4196,0,3344.47,不明
sl8,Empress of Raizze [ストレッチ],3746,3496,0,2899.35,不明
sl8,EXILE -NEMESIS-,5020,4838,0,3865.46,不明
sl9,水晶世界 [Quartz],4200,4094,0,3630.17,不明
sl9,Daybreak [AM 6:00],3890,3710,0,3197.4,不明
sl9,雪月夜鐘 [まだまだ走れます],6616,6601,0,6114.97,不明
sl9,新たなる決意 -黎明-,4350,4192,0,3613.61,不明
sl9,Ravers Rave Anthem II [Fever],5024,4906,0,4039.16,不明
sl9,Affection [Appreciation],5656,5515,0,4429.92,不明
sl9,ニニ - ニサシゴ -,4690,4541,0,3781.9,不明
sl9,Replica [Decadent],5400,5325,0,4439.26,不明
sl9,Wondering Fortune [Lucky],5462,5380,0,4207.61,不明
sl9,WE ARE HARDCORE [Gang],5634,5504,0,4588.88,不明
sl9,Gecko [Ruff-Ruff],4242,4150,0,3509.4,不明
sl9,永劫綺譚の純潔葬花 -Red Lily-,5080,5007,4574,4222.53,9.91
sl9,Implexrough -Luna-,6550,6369,0,5160.76,不明
sl9,桜花爛漫の墓標 [rather],5110,5045,0,4303.52,不明
sl9,Love☆Spellcard -Luna-,5060,4964,0,4121.98,不明
sl9,時架け -Luna-,5020,4907,0,3881.14,不明
sl9,XIII Charlotte -Alcadiz Gear-,5332,5235,0,4206.18,不明
sl9,disperagioia [†],5454,5247,4839,4172.53,25.55
sl9,Alcubierre Drive [INSANE],4234,4150,0,3276.05,不明
sl9,Tears of the Sunrise [sagINSANE],5390,5242,0,4348.59,不明
sl9,Auston [ANOTHER+],4650,4517,0,3761.27,不明
sl9,Dark Sky [ManiaK],4960,4872,0,4132.58,不明
sl9,CHAiNSAW [Educational Revolution],4486,4405,0,3588.52,不明
sl9,Andro [F],4444,4263,0,3641.9,不明
sl9,GOODBOUNCE [LUNATIC],5834,5767,5377,4544.92,20.77
sl9,Lepontinia -THE LAST PLANET-,4536,4514,3979,3786.26,2.44
sl9,Schwoeren of tears [Restraint],4642,4568,0,3876.06,不明
sl9,Arcadia -幻眠る-,4062,3998,0,3435.98,不明
sl9,sitosoym -lyra- [Verus amor],4574,4483,0,3492.13,不明
sl9,図書室のエルザ (litmus* Remix) [Middle],5174,5110,4367,4099.46,3.23
sl9,DISCHARGE RUSH  [metallic],4342,4150,0,3522.21,不明
sl9,ロッカー -Unlock-,5000,4962,0,4010.3,不明
sl9,Valedict -SA-,4262,4114,0,3363.62,不明
sl9,Hot Heart is Sprinting Love~!! [地球最後の日],4998,4902,0,4249.74,不明
sl9,Happycore☆Tightcore [ょぅι゛ょっょぃ],3772,3667,3290,2976.5,12.31
sl9,Colorful Dream [虹],5252,5171,0,4245.45,不明
sl9,MEPHISTO [FS],5600,5446,0,4282.42,不明
sl9,Free Hand zero [ANOTHER*],5210,5072,4725,4152.41,23.69
sl9,LOVE★BEAM (orange summer mix) -MANIAC-,4566,4492,4221,3664.9,23.8
sl9,Kronos [HARDEST],4822,4736,0,3945.03,不明
sl9,Fantasy (-ω-),4700,4637,0,3815.99,不明
sl9,High-Priestess [HARDEST],5258,5115,0,4214.61,不明
sl9,The End of Yggdrasil,4840,4778,0,4152.9,不明
sl9,Aeventyr [HARDEST],5002,4873,4292,3953.22,8.03
sl9,Say A Vengeance [HARDEST],5172,5084,4766,4129.93,23.55
sl9,Cynic (THE hyper),4942,4784,0,3795.84,不明
sl10,煉情ミスティフィリア [Purgatory],4270,4217,0,3446.01,不明
sl10,Cross Galaxy [microcosmos],6000,5885,0,4933.77,不明
sl10,ハードルネッサンバ [ANOTHER BOSS],5460,5321,0,4505.81,不明
sl10,異説彼岸花 第二 -終世のリコリス- -死人花-,4098,4053,0,3405.06,不明
sl10,夢の地図と僕らの旅 -To The Future-,4120,4059,0,3557.02,不明
sl10,Never Escape -Eclipse-,5332,5106,0,4326.55,不明
sl10,Flashdance [Crazy_Life],4430,4320,0,3611.9,不明
sl10,温泉大作戦 [温泉名人],4904,4743,0,3989.26,不明
sl10,サカサマの空に在ったのは [SP XANADU],5568,5367,0,4304.58,不明
sl10,Unleashed World -Luna-,4700,4465,3999,3695.98,12.31
sl10,Absolute Future [INSANE],5110,4933,4375,4232.83,3.67
sl10,island dream [lunatic],5400,5142,0,4111.41,不明
sl10,Emptiness 【Klarheit】,4640,4440,0,3737.76,不明
sl10,禁忌と緋色幻想 -The Primary Plasm- [rather],4036,3941,0,3198.14,不明
sl10,Berry Go!! [HARDEST],5016,4926,4672,4170.56,25.43
sl10,硬核機動 -Assault 01-,5400,5238,4755,4291.92,14.93
sl10,All is fair in Rage [Toasty Fatality],5400,5299,4856,4436.06,12.77
sl10,結ばれる奇跡の願い [Shining],4234,4162,3937,3690.23,16.36
sl10,Final examination -Luna-,6200,6070,0,4875.55,不明
sl10,Spiritoso Killer [SP DEATH],4000,3787,0,3164.39,不明
sl10,Defeat awaken battle ship (SP AWAKEN),4800,4635,0,3738.53,不明
sl10,Andromeda [yumether],5770,5664,0,4786.05,不明
sl10,The sinking world [sagINSANE],5596,5594,0,5062.16,不明
sl10,Grayed Out -Antifront- [Luna],4460,4372,0,3565.47,不明
sl10,ハートマークとエンドロール [Coeur],5506,5298,0,4304.42,不明
sl10,Epic Bellum -universum- [Stardust],5616,5479,0,4188.61,不明
sl10,EVERLASTING HAPPiNESS↑ [INSANE],4932,4745,4174,3866.55,8.66
sl10,Demagogie [EX],4912,4750,0,3869.26,不明
sl10,運命論 [Atropos],5776,5483,4619,4352.84,4.74
sl10,A-chasing-Y [Pain],5522,5402,0,4436.31,不明
sl10,踊る水飛沫 [KF7],4036,3982,3682,3301.24,14.79
sl10,night starter [DARK NIGHT],4208,4155,3779,3423.67,10.6
sl10,Bloody Scarlet Nightmare [Li],4840,4723,0,3999.69,不明
sl10,Lolita Scaffold [sLUNATIC],4200,3997,0,3213.44,不明
sl10,Hypertext Transfer Protocol (C++),5006,4865,4535,4138.37,19.5
sl10,KISS CANDY FLAVOR (EX),5598,5522,0,4645.31,不明
sl10,The Decisive Battle [DECISIVE DEATH],4718,4499,0,3839.74,不明
sl10,NS18 [ANOTHER+],5274,5056,4675,3956.96,28.99
sl10,HAELEQUIN (-ω-),6464,6288,0,4957.9,不明
sl10,異説彼岸花 第一 -原初のアマリリス- [HARDEST],4480,4391,0,3591.21,不明
sl10,Central Nucleus [INFERNO],4726,4549,0,3682.87,不明
sl10,Trinity [DELAYMASTER],3312,3057,0,2570.48,不明
sl10,Candy &amp; Baguette [HARDEST],5016,4951,0,3857.18,不明
sl10,PEACE BREAKER [HARDEST],5098,4894,0,4048.42,不明
sl10,NS20 [7key CHAOSDEATH],4692,4418,0,3522.13,不明
sl11,海神寓拝 [Nemesis],5000,4916,0,4379.0,不明
sl11,Sparkling☆Sunshine!! [INSANE],5070,4953,4540,4058.57,16.4
sl11,Black Lair [EXPERT],6350,6095,0,4759.79,不明
sl11,7 colors* -To The Future-,5200,5122,0,4633.27,不明
sl11,Amnehilesie [Etude],5400,5188,0,4480.88,不明
sl11,天海原〜あまみはら〜 【天穹】,4238,3982,0,3189.85,不明
sl11,G-SHOCK [C4A],6084,5910,0,4738.37,不明
sl11,SYNTHETICS [CYBERTIC ETUDE],5020,4833,0,3998.83,不明
sl11,LIGHTNING STAIRWAY [SPIRAL++],3542,3407,0,2843.45,不明
sl11,Romantic Children -Eclipse-,7540,7495,0,6203.16,不明
sl11,char fleuri [Dewero],7452,7388,0,6434.82,不明
sl11,Stray Toy's Adventure!! [HARDEST],6018,5897,0,4949.12,不明
sl11,Rhadamanthys [7A],3460,3245,0,2745.71,不明
sl11,虹夜パレッド,5870,5756,5212,4835.69,9.29
sl11,Neurotoxicity [INSANE],6180,6056,0,5237.69,不明
sl11,翼の折れた天使たちのレクイエム [Despair],5156,5112,0,4402.06,不明
sl11,Moon phase Encounter [Empty Space],7140,7044,0,5863.83,不明
sl11,Celestial Axes  -Luna-,5420,5203,0,4144.7,不明
sl11,VENDeTTA [INSANE],4706,4574,0,3849.95,不明
sl11,SAVE The World -starlight,more Colors- [You've Come Far...],5556,5442,4885,4377.28,11.85
sl11,Pure White † Crimson Coffin -Luna-,6360,6248,0,5208.76,不明
sl11,Brave My Soul [B.M.S.],5376,5233,0,4272.22,不明
sl11,ouroVoros [Judgment],4664,4493,0,3637.45,不明
sl11,GOODRAGE [#MAGiCVL_R4G3],5172,5023,0,4113.52,不明
sl11,シグナルほっぴんぐ [Yakther],4314,4192,3740,3357.78,12.34
sl11,sensitive -GOD-,5670,5508,0,4363.85,不明
sl11,Wavetapper [ATHLETIC],5500,5416,0,4650.8,不明
sl11,Black Lotus  [SP CHALLENGER+],4384,4185,0,3230.34,不明
sl11,Chronostasis [INSANE],4444,4239,0,3448.6,不明
sl11,空,6034,5968,0,5264.48,不明
sl11,tinnitus -7 Minether-,6122,6031,5337,5095.55,3.68
sl11,After Burner [SKY HIGH],6200,6052,0,4946.1,不明
sl11,ヒメタイプ [LAPITHER],4868,4736,4386,3885.88,21.12
sl11,Poisonous Peach [Eb],3378,3314,0,2590.73,不明
sl11,Death Opera [The Phantom],5096,4794,0,3829.47,不明
sl11,MASAMUNE [MANIAQ],5200,5017,0,4275.35,不明
sl11,ホーリーサンバランド -Training7-,6800,6557,5845,5318.62,11.97
sl11,Re*incarnacion [MANIAQ],4830,4706,4123,3900.85,5.0
sl11,Amusing Colorful Pudding. [HARDEST],4726,4554,0,3908.12,不明
sl11,Run Away [ELITHER],4272,4194,0,3495.1,不明
sl11,Rosario -輪廻幻想譚- (EX),8222,7925,0,6525.92,不明
sl11,Daydreamer [EX],5730,5695,0,4594.56,不明
sl11,It's "alice" dream [HARDEST],5052,4937,0,4087.72,不明
sl11,Singing of Night birds [yumether],5240,5078,0,4361.5,不明
sl11,GaRaKuTic Dream [Maniac+],3926,3725,0,2868.9,不明
sl11,しぇる☆どっきんぐ 〜だめ！このままじゃ溢れちゃう！〜 [HARDEST],6344,6143,0,5014.51,不明
sl11,-+　 -EX-,4488,4224,0,3281.79,不明
sl11,S [HARDEST],5898,5709,0,4752.47,不明
sl11,Drop! [SABOTHER],4444,3995,3770,3280.4,43.42
sl11,7SP:雪の少女-MorningDash!Mix- [EXTREME],5610,5467,0,4225.34,不明
sl11,kkotipari Hangaduk [HARDEST],5646,5414,0,4479.43,不明
sl11,Blue-White Crazystars [HARDEST],3712,3473,3119,2749.73,20.49
sl11,Romancecar (Kukan Junkyu Edit) [Nemesis],4756,4712,0,3894.22,不明
sl11,Ready to Go (^ω^;),4242,4198,0,3371.22,不明
sl12,subconsciousness [Traumdeutung],5290,5274,0,4291.53,不明
sl12,煉獄-Priestess -Hopeless-,5800,5350,0,4672.21,不明
sl12,Chocomint Mille-feuille [Jammed],6278,5726,0,4803.99,不明
sl12,emergency call: Xeno [Unknown Encountered],5956,5656,0,4773.47,不明
sl12,End Time A⇒Side [Deadly End],3600,3250,2894,2661.04,15.53
sl12,duty [act out of "duty"],4594,4387,0,3567.03,不明
sl12,ting ting [belong],5126,5043,0,4272.77,不明
sl12,Magical Love Words [フィジカル横認識],6666,6591,5687,5361.84,3.18
sl12,Chase Mission [INSANE],5000,4804,0,3940.59,不明
sl12,Luna Express 2032 [銀河鉄道999],4840,4671,0,3978.72,不明
sl12,Bad Elixir -Eclipse-,4600,4375,0,3603.14,不明
sl12,Red-rize "B172 mix" // 7keys GOD,5614,5468,5042,4377.56,21.67
sl12,Total Eclipse of the Sun -Nightmare-,6320,6268,0,5148.88,不明
sl12,クォークの海を泳いで [SP NEUTRINO],4800,4379,0,3622.47,不明
sl12,Forty-Four [INSANE],7480,7353,0,6122.2,不明
sl12,ハニエルのうた [EXTRA],4000,3861,3272,3058.87,4.92
sl12,ロスト：ユートピアと真理と純粋の極彩世界 [Heroic],5760,5428,0,4459.27,不明
sl12,星少女ステラユニオン -叛逆の物語-,5192,5108,0,4325.38,不明
sl12,A D D i c T i O N 4 5 0 0 0 0 0 -L u N A-,8740,8521,0,6663.53,不明
sl12,夢/あるいは在りし日の ［usual days'］,4250,4221,3727,3529.04,3.16
sl12,Lyrith -迷宮リリス- [INSANE],5836,5666,0,3372.96,不明
sl12,Strahlzwerg [AromaMateria],4156,3996,3720,3256.96,27.15
sl12,wilis [G2],3490,3145,0,2667.76,不明
sl12,tightrope city [taxy],6476,6463,0,5801.35,不明
sl12,sunken azure world [マヨマヨ],6276,6263,0,5537.48,不明
sl12,Megalovania HardRockArrange [決意],4740,4695,4492,3803.98,28.95
sl12,Sigmoid [Analytic],3864,3742,0,2792.93,不明
sl12,Cosmogazer [2844.10.10],5688,5502,0,4521.52,不明
sl12,ドキッ！けふぃーとひ・み・つｖのサッカータイム☆☆ニャホニャホしても、いいんですよ･･･？　 〜KEFIFAワールドカップ編 We love 汚滝健太郎〜,4966,4793,3955,3575.85,5.97
sl12,Suffering of screw [chaotic world],5380,5201,0,4005.97,不明
sl12,DANCE &amp; (wish me a) MERRY CHRISTMAS!,3600,3525,3317,2828.06,28.24
sl12,Terpsichore [Li],4272,4046,3587,3294.27,11.97
sl12,Wizdomiot [Kerother],4938,4676,4076,3723.44,10.57
sl12,Endkraft -END-,5252,5047,0,3868.82,不明
sl12,hemorrhoids,4440,4375,0,3667.32,不明
sl12,satellite -MOON-,5090,4854,0,4152.95,不明
sl12,円環の理 [ＱＢTHER],4954,4830,4258,4075.9,4.09
sl12,どうか私を殺して下さい [INFERNO],4966,4677,0,3916.55,不明
sl12,失望Choco (-ω-),4860,4722,4299,3401.33,25.8
sl12,AXION [αχιον],4000,3744,3530,3091.92,37.51
sl12,非徘徊主義 (-ω-),6800,6720,0,5493.37,不明
sl12,絵空事の世界と私 -aletheia-,5500,5475,4992,4581.62,6.66
sl12,CHRONO TRIGGER 〜世界変革の時〜 (SP BLACK ANOTHER+),6600,6119,0,4720.7,不明
sl12,blue traces [Capture],6000,5892,0,4454.15,不明
sl12,Bird Sprite -Awakening of Light- [HARDEST],4502,4436,0,3771.17,不明
sl12,Cinderella Cage -Trancecore Mix- [ANOTHER],5172,5058,0,3189.34,不明
sl12,風塵少女-Wind Rush- [INFELNO],4820,4679,4320,3965.94,16.2
sl12,Tiro finale [ティロティロMASTER],4220,4060,3531,3251.96,8.21
sl12,Cross Galaxy [INFELNO],5902,5739,0,4892.07,不明
sl12,Akasagarbha  [yumether],4222,4192,3725,3336.28,7.05
sl12,織姫 -EX-,6774,6401,0,4896.71,不明
sl12,Lucifuge Rofocale [EX+],6116,6073,5470,4796.24,9.53
